30/04/2026,CARD TRANSACTION   SPINNEYS ATM,-295.01,49704.99
30/04/2026,CARD TRANSACTION   STARBUCKS ATM,-42.93,49662.06
30/04/2026,CARD TRANSACTION   MCDONALDS ATM,-55.68,49606.38
30/04/2026,CARD TRANSACTION   UBER ATM,-60.51,49545.87
30/04/2026,CARD TRANSACTION   NOON ATM,-189.67,49356.20
29/04/2026,CARD TRANSACTION   CARREFOUR ATM,-111.18,49245.02
29/04/2026,CARD TRANSACTION   CARREFOUR ATM,-52.83,49192.19
29/04/2026,CARD TRANSACTION   CARREFOUR ATM,-273.98,48918.21
29/04/2026,CARD TRANSACTION   SPINNEYS ATM,-297.53,48620.68
29/04/2026,CARD TRANSACTION   KFC ATM,-52.73,48567.95
29/04/2026,CARD TRANSACTION   NOON ATM,-64.89,48503.06
28/04/2026,CARD TRANSACTION   STARBUCKS ATM,-30.00,48473.06
28/04/2026,CARD TRANSACTION   STARBUCKS ATM,-39.00,48434.06
28/04/2026,CARD TRANSACTION   MCDONALDS ATM,-56.66,48377.40
28/04/2026,CARD TRANSACTION   UBER ATM,-95.82,48281.58
27/04/2026,CARD TRANSACTION   CARREFOUR ATM,-54.32,48227.26
27/04/2026,CARD TRANSACTION   STARBUCKS ATM,-40.16,48187.10
27/04/2026,CARD TRANSACTION   STARBUCKS ATM,-23.45,48163.65
27/04/2026,CARD TRANSACTION   MCDONALDS ATM,-74.81,48088.84
27/04/2026,CARD TRANSACTION   MCDONALDS ATM,-48.21,48040.63
27/04/2026,CARD TRANSACTION   NOVO CINEMAS ATM,-105.77,47934.86
26/04/2026,CARD TRANSACTION   SPINNEYS ATM,-153.53,47781.33
26/04/2026,CARD TRANSACTION   STARBUCKS ATM,-48.28,47733.05
25/04/2026,SALARY TRANSFER 4-2026,30000.00,77733.05
25/04/2026,CARD TRANSACTION   MCDONALDS ATM,-51.06,77681.99
25/04/2026,CARD TRANSACTION   MCDONALDS ATM,-57.25,77624.74
25/04/2026,CARD TRANSACTION   EMARAT ATM,-106.34,77518.40
25/04/2026,CARD TRANSACTION   DEWA ATM,-589.35,76929.05
25/04/2026,CARD TRANSACTION   AMAZON.AE ATM,-117.50,76811.55
24/04/2026,CARD TRANSACTION   CARREFOUR ATM,-280.73,76530.82
24/04/2026,CARD TRANSACTION   STARBUCKS ATM,-42.21,76488.61
24/04/2026,CARD TRANSACTION   STARBUCKS ATM,-25.91,76462.70
24/04/2026,CARD TRANSACTION   STARBUCKS ATM,-27.88,76434.82
24/04/2026,CARD TRANSACTION   MCDONALDS ATM,-71.52,76363.30
24/04/2026,CARD TRANSACTION   EMARAT ATM,-87.58,76275.72
24/04/2026,CARD TRANSACTION   UBER ATM,-72.05,76203.67
24/04/2026,CARD TRANSACTION   AMAZON.AE ATM,-321.77,75881.90
23/04/2026,CARD TRANSACTION   EMARAT ATM,-140.16,75741.74
23/04/2026,CARD TRANSACTION   EMARAT ATM,-117.11,75624.63
22/04/2026,CARD TRANSACTION   CARREFOUR ATM,-159.05,75465.58
22/04/2026,CARD TRANSACTION   CARREFOUR ATM,-95.25,75370.33
22/04/2026,CARD TRANSACTION   SPINNEYS ATM,-148.23,75222.10
22/04/2026,CARD TRANSACTION   STARBUCKS ATM,-43.62,75178.48
22/04/2026,CARD TRANSACTION   KFC ATM,-54.59,75123.89
22/04/2026,CARD TRANSACTION   DU TELECOM ATM,-289.54,74834.35
21/04/2026,CARD TRANSACTION   CARREFOUR ATM,-145.88,74688.47
21/04/2026,CARD TRANSACTION   STARBUCKS ATM,-44.43,74644.04
21/04/2026,CARD TRANSACTION   UBER ATM,-60.74,74583.30
20/04/2026,CARD TRANSACTION   SPINNEYS ATM,-119.81,74463.49
19/04/2026,CARD TRANSACTION   CARREFOUR ATM,-106.21,74357.28
19/04/2026,CARD TRANSACTION   STARBUCKS ATM,-40.38,74316.90
19/04/2026,CARD TRANSACTION   EMARAT ATM,-117.69,74199.21
19/04/2026,CARD TRANSACTION   NOON ATM,-59.96,74139.25
18/04/2026,CARD TRANSACTION   EMARAT ATM,-125.82,74013.43
17/04/2026,CARD TRANSACTION   EMARAT ATM,-127.66,73885.77
16/04/2026,CARD TRANSACTION   CARREFOUR ATM,-162.89,73722.88
16/04/2026,CARD TRANSACTION   STARBUCKS ATM,-36.08,73686.80
16/04/2026,CARD TRANSACTION   MCDONALDS ATM,-58.67,73628.13
16/04/2026,CARD TRANSACTION   EMARAT ATM,-138.74,73489.39
16/04/2026,CARD TRANSACTION   UBER ATM,-54.50,73434.89
16/04/2026,CARD TRANSACTION   UBER ATM,-38.04,73396.85
16/04/2026,CARD TRANSACTION   NETFLIX ATM,-59.76,73337.09
16/04/2026,CARD TRANSACTION   AMAZON.AE ATM,-281.65,73055.44
15/04/2026,CARD TRANSACTION   SPINNEYS ATM,-264.99,72790.45
15/04/2026,CARD TRANSACTION   STARBUCKS ATM,-34.73,72755.72
15/04/2026,CARD TRANSACTION   UBER ATM,-77.69,72678.03
15/04/2026,CARD TRANSACTION   NOON ATM,-263.21,72414.82
15/04/2026,CARD TRANSACTION   NOON ATM,-257.76,72157.06
14/04/2026,CARD TRANSACTION   NANDO'S ATM,-189.69,71967.37
14/04/2026,CARD TRANSACTION   AMAZON.AE ATM,-128.36,71839.01
13/04/2026,CARD TRANSACTION   CARREFOUR ATM,-146.42,71692.59
13/04/2026,CARD TRANSACTION   CARREFOUR ATM,-233.28,71459.31
13/04/2026,CARD TRANSACTION   UBER ATM,-76.99,71382.32
13/04/2026,CARD TRANSACTION   UBER ATM,-89.45,71292.87
13/04/2026,CARD TRANSACTION   NOVO CINEMAS ATM,-120.21,71172.66
12/04/2026,CARD TRANSACTION   UBER ATM,-35.83,71136.83
12/04/2026,CARD TRANSACTION   NOON ATM,-201.12,70935.71
11/04/2026,CARD TRANSACTION   STARBUCKS ATM,-34.23,70901.48
11/04/2026,CARD TRANSACTION   KFC ATM,-65.91,70835.57
11/04/2026,CARD TRANSACTION   AMAZON.AE ATM,-275.09,70560.48
10/04/2026,CARD TRANSACTION   STARBUCKS ATM,-22.71,70537.77
10/04/2026,CARD TRANSACTION   AMAZON.AE ATM,-260.01,70277.76
09/04/2026,CARD TRANSACTION   STARBUCKS ATM,-34.38,70243.38
09/04/2026,CARD TRANSACTION   KFC ATM,-51.35,70192.03
08/04/2026,CARD TRANSACTION   SPINNEYS ATM,-312.08,69879.95
08/04/2026,CARD TRANSACTION   STARBUCKS ATM,-37.83,69842.12
08/04/2026,CARD TRANSACTION   STARBUCKS ATM,-43.45,69798.67
08/04/2026,CARD TRANSACTION   KFC ATM,-61.37,69737.30
08/04/2026,CARD TRANSACTION   UBER ATM,-86.90,69650.40
08/04/2026,CARD TRANSACTION   UBER ATM,-73.16,69577.24
07/04/2026,CARD TRANSACTION   UBER ATM,-37.62,69539.62
06/04/2026,CARD TRANSACTION   NANDO'S ATM,-139.84,69399.78
05/04/2026,CARD TRANSACTION   CARREFOUR ATM,-105.48,69294.30
05/04/2026,CARD TRANSACTION   CARREFOUR ATM,-113.71,69180.59
05/04/2026,CARD TRANSACTION   NANDO'S ATM,-117.86,69062.73
04/04/2026,CARD TRANSACTION   MCDONALDS ATM,-35.27,69027.46
04/04/2026,CARD TRANSACTION   NOVO CINEMAS ATM,-110.85,68916.61
03/04/2026,CARD TRANSACTION   UBER ATM,-98.91,68817.70
02/04/2026,CARD TRANSACTION   CARREFOUR ATM,-170.24,68647.46
02/04/2026,CARD TRANSACTION   SPINNEYS ATM,-157.55,68489.91
02/04/2026,CARD TRANSACTION   STARBUCKS ATM,-40.09,68449.82
02/04/2026,CARD TRANSACTION   MCDONALDS ATM,-51.72,68398.10
02/04/2026,CARD TRANSACTION   UBER ATM,-33.33,68364.77
01/04/2026,RENT TRANSFER,-8000.00,60364.77
01/04/2026,CARD TRANSACTION   NANDO'S ATM,-81.91,60282.86
31/03/2026,CARD TRANSACTION   CARREFOUR ATM,-229.17,60053.69
31/03/2026,CARD TRANSACTION   STARBUCKS ATM,-35.21,60018.48
30/03/2026,CARD TRANSACTION   CARREFOUR ATM,-278.71,59739.77
30/03/2026,CARD TRANSACTION   STARBUCKS ATM,-44.97,59694.80
30/03/2026,CARD TRANSACTION   STARBUCKS ATM,-20.75,59674.05
30/03/2026,CARD TRANSACTION   MCDONALDS ATM,-42.04,59632.01
30/03/2026,CARD TRANSACTION   EMARAT ATM,-147.00,59485.01
30/03/2026,CARD TRANSACTION   UBER ATM,-73.28,59411.73
29/03/2026,CARD TRANSACTION   NANDO'S ATM,-151.61,59260.12
29/03/2026,CARD TRANSACTION   UBER ATM,-67.37,59192.75
29/03/2026,CARD TRANSACTION   UBER ATM,-38.23,59154.52
28/03/2026,CARD TRANSACTION   CARREFOUR ATM,-203.77,58950.75
28/03/2026,CARD TRANSACTION   CARREFOUR ATM,-124.27,58826.48
28/03/2026,CARD TRANSACTION   SPINNEYS ATM,-118.40,58708.08
28/03/2026,CARD TRANSACTION   STARBUCKS ATM,-35.31,58672.77
28/03/2026,CARD TRANSACTION   UBER ATM,-99.41,58573.36
28/03/2026,CARD TRANSACTION   NOVO CINEMAS ATM,-179.95,58393.41
27/03/2026,CARD TRANSACTION   STARBUCKS ATM,-20.12,58373.29
27/03/2026,CARD TRANSACTION   NETFLIX ATM,-46.85,58326.44
26/03/2026,CARD TRANSACTION   EMARAT ATM,-104.00,58222.44
26/03/2026,CARD TRANSACTION   AMAZON.AE ATM,-221.72,58000.72
26/03/2026,CARD TRANSACTION   NOON ATM,-196.10,57804.62
25/03/2026,SALARY TRANSFER 3-2026,30000.00,87804.62
25/03/2026,CARD TRANSACTION   CARREFOUR ATM,-96.42,87708.20
25/03/2026,CARD TRANSACTION   CARREFOUR ATM,-219.33,87488.87
25/03/2026,CARD TRANSACTION   SPINNEYS ATM,-263.72,87225.15
25/03/2026,CARD TRANSACTION   KFC ATM,-45.77,87179.38
24/03/2026,CARD TRANSACTION   STARBUCKS ATM,-33.80,87145.58
24/03/2026,CARD TRANSACTION   UBER ATM,-57.87,87087.71
23/03/2026,CARD TRANSACTION   STARBUCKS ATM,-29.63,87058.08
22/03/2026,CARD TRANSACTION   CARREFOUR ATM,-209.23,86848.85
22/03/2026,CARD TRANSACTION   STARBUCKS ATM,-31.89,86816.96
22/03/2026,CARD TRANSACTION   UBER ATM,-81.17,86735.79
21/03/2026,CARD TRANSACTION   SPINNEYS ATM,-106.37,86629.42
21/03/2026,CARD TRANSACTION   STARBUCKS ATM,-48.12,86581.30
21/03/2026,CARD TRANSACTION   MCDONALDS ATM,-56.52,86524.78
21/03/2026,CARD TRANSACTION   MCDONALDS ATM,-55.43,86469.35
21/03/2026,CARD TRANSACTION   EMARAT ATM,-144.37,86324.98
21/03/2026,CARD TRANSACTION   UBER ATM,-61.03,86263.95
21/03/2026,CARD TRANSACTION   AMAZON.AE ATM,-210.84,86053.11
20/03/2026,CARD TRANSACTION   SPINNEYS ATM,-326.83,85726.28
20/03/2026,CARD TRANSACTION   STARBUCKS ATM,-35.99,85690.29
20/03/2026,CARD TRANSACTION   STARBUCKS ATM,-44.69,85645.60
20/03/2026,CARD TRANSACTION   AMAZON.AE ATM,-100.43,85545.17
20/03/2026,CARD TRANSACTION   NOON ATM,-51.04,85494.13
19/03/2026,CARD TRANSACTION   CARREFOUR ATM,-121.16,85372.97
19/03/2026,CARD TRANSACTION   STARBUCKS ATM,-25.16,85347.81
19/03/2026,CARD TRANSACTION   NANDO'S ATM,-181.43,85166.38
19/03/2026,CARD TRANSACTION   NANDO'S ATM,-152.63,85013.75
18/03/2026,CARD TRANSACTION   SPINNEYS ATM,-202.83,84810.92
18/03/2026,CARD TRANSACTION   AMAZON.AE ATM,-442.84,84368.08
18/03/2026,CARD TRANSACTION   NOON ATM,-112.05,84256.03
17/03/2026,CARD TRANSACTION   MCDONALDS ATM,-60.52,84195.51
15/03/2026,CARD TRANSACTION   MCDONALDS ATM,-73.30,84122.21
15/03/2026,CARD TRANSACTION   KFC ATM,-76.55,84045.66
15/03/2026,CARD TRANSACTION   UBER ATM,-71.32,83974.34
15/03/2026,CARD TRANSACTION   UBER ATM,-37.16,83937.18
15/03/2026,CARD TRANSACTION   UBER ATM,-47.85,83889.33
15/03/2026,CARD TRANSACTION   UBER ATM,-78.05,83811.28
14/03/2026,CARD TRANSACTION   CARREFOUR ATM,-221.53,83589.75
14/03/2026,CARD TRANSACTION   SPINNEYS ATM,-217.18,83372.57
14/03/2026,CARD TRANSACTION   STARBUCKS ATM,-46.12,83326.45
14/03/2026,CARD TRANSACTION   STARBUCKS ATM,-40.99,83285.46
13/03/2026,CARD TRANSACTION   CARREFOUR ATM,-191.69,83093.77
13/03/2026,CARD TRANSACTION   KFC ATM,-51.79,83041.98
12/03/2026,CARD TRANSACTION   SPINNEYS ATM,-212.48,82829.50
12/03/2026,CARD TRANSACTION   SPINNEYS ATM,-82.17,82747.33
12/03/2026,CARD TRANSACTION   MCDONALDS ATM,-69.65,82677.68
12/03/2026,CARD TRANSACTION   UBER ATM,-58.88,82618.80
12/03/2026,CARD TRANSACTION   DEWA ATM,-682.19,81936.61
11/03/2026,CARD TRANSACTION   EMARAT ATM,-117.29,81819.32
11/03/2026,CARD TRANSACTION   UBER ATM,-89.66,81729.66
10/03/2026,CARD TRANSACTION   MCDONALDS ATM,-63.69,81665.97
10/03/2026,CARD TRANSACTION   KFC ATM,-73.66,81592.31
10/03/2026,CARD TRANSACTION   EMARAT ATM,-114.18,81478.13
10/03/2026,CARD TRANSACTION   NOON ATM,-186.94,81291.19
08/03/2026,CARD TRANSACTION   CARREFOUR ATM,-251.27,81039.92
08/03/2026,CARD TRANSACTION   STARBUCKS ATM,-20.62,81019.30
08/03/2026,CARD TRANSACTION   STARBUCKS ATM,-26.34,80992.96
08/03/2026,CARD TRANSACTION   NOVO CINEMAS ATM,-146.85,80846.11
08/03/2026,CARD TRANSACTION   NOON ATM,-198.58,80647.53
07/03/2026,CARD TRANSACTION   STARBUCKS ATM,-36.43,80611.10
07/03/2026,CARD TRANSACTION   NOON ATM,-226.69,80384.41
06/03/2026,CARD TRANSACTION   STARBUCKS ATM,-38.44,80345.97
06/03/2026,CARD TRANSACTION   NOVO CINEMAS ATM,-95.19,80250.78
05/03/2026,CARD TRANSACTION   MCDONALDS ATM,-36.23,80214.55
05/03/2026,CARD TRANSACTION   AMAZON.AE ATM,-485.71,79728.84
04/03/2026,CARD TRANSACTION   CARREFOUR ATM,-116.42,79612.42
04/03/2026,CARD TRANSACTION   MCDONALDS ATM,-62.94,79549.48
04/03/2026,CARD TRANSACTION   MCDONALDS ATM,-37.61,79511.87
04/03/2026,CARD TRANSACTION   UBER ATM,-58.67,79453.20
03/03/2026,CARD TRANSACTION   CARREFOUR ATM,-99.99,79353.21
03/03/2026,CARD TRANSACTION   KFC ATM,-65.47,79287.74
03/03/2026,CARD TRANSACTION   EMARAT ATM,-140.21,79147.53
03/03/2026,CARD TRANSACTION   AMAZON.AE ATM,-300.84,78846.69
02/03/2026,CARD TRANSACTION   CARREFOUR ATM,-178.85,78667.84
02/03/2026,CARD TRANSACTION   STARBUCKS ATM,-44.14,78623.70
02/03/2026,CARD TRANSACTION   DU TELECOM ATM,-350.73,78272.97
01/03/2026,RENT TRANSFER,-8000.00,70272.97
01/03/2026,CARD TRANSACTION   CARREFOUR ATM,-180.85,70092.12
01/03/2026,CARD TRANSACTION   STARBUCKS ATM,-26.26,70065.86
01/03/2026,CARD TRANSACTION   NANDO'S ATM,-187.77,69878.09
01/03/2026,CARD TRANSACTION   EMARAT ATM,-92.16,69785.93
01/03/2026,CARD TRANSACTION   EMARAT ATM,-133.58,69652.35
01/03/2026,CARD TRANSACTION   UBER ATM,-89.53,69562.82
28/02/2026,CARD TRANSACTION   SPINNEYS ATM,-351.93,69210.89
28/02/2026,CARD TRANSACTION   MCDONALDS ATM,-45.67,69165.22
28/02/2026,CARD TRANSACTION   NANDO'S ATM,-109.97,69055.25
28/02/2026,CARD TRANSACTION   AMAZON.AE ATM,-191.84,68863.41
28/02/2026,CARD TRANSACTION   AMAZON.AE ATM,-391.02,68472.39
27/02/2026,CARD TRANSACTION   CARREFOUR ATM,-89.11,68383.28
27/02/2026,CARD TRANSACTION   CARREFOUR ATM,-134.28,68249.00
27/02/2026,CARD TRANSACTION   EMARAT ATM,-146.94,68102.06
27/02/2026,CARD TRANSACTION   UBER ATM,-90.76,68011.30
27/02/2026,CARD TRANSACTION   UBER ATM,-51.12,67960.18
27/02/2026,CARD TRANSACTION   AMAZON.AE ATM,-438.52,67521.66
27/02/2026,CARD TRANSACTION   NOON ATM,-55.94,67465.72
27/02/2026,CARD TRANSACTION   NOON ATM,-180.16,67285.56
26/02/2026,CARD TRANSACTION   MCDONALDS ATM,-42.93,67242.63
26/02/2026,CARD TRANSACTION   EMARAT ATM,-130.40,67112.23
25/02/2026,SALARY TRANSFER 2-2026,30000.00,97112.23
25/02/2026,CARD TRANSACTION   MCDONALDS ATM,-38.77,97073.46
24/02/2026,CARD TRANSACTION   CARREFOUR ATM,-101.47,96971.99
24/02/2026,CARD TRANSACTION   CARREFOUR ATM,-265.27,96706.72
24/02/2026,CARD TRANSACTION   SPINNEYS ATM,-160.34,96546.38
24/02/2026,CARD TRANSACTION   MCDONALDS ATM,-45.24,96501.14
24/02/2026,CARD TRANSACTION   UBER ATM,-59.59,96441.55
24/02/2026,CARD TRANSACTION   AMAZON.AE ATM,-291.06,96150.49
24/02/2026,CARD TRANSACTION   NOON ATM,-67.19,96083.30
23/02/2026,CARD TRANSACTION   CARREFOUR ATM,-181.49,95901.81
23/02/2026,CARD TRANSACTION   STARBUCKS ATM,-22.48,95879.33
23/02/2026,CARD TRANSACTION   MCDONALDS ATM,-46.70,95832.63
23/02/2026,CARD TRANSACTION   MCDONALDS ATM,-39.89,95792.74
23/02/2026,CARD TRANSACTION   UBER ATM,-77.88,95714.86
23/02/2026,CARD TRANSACTION   NOVO CINEMAS ATM,-180.04,95534.82
22/02/2026,CARD TRANSACTION   STARBUCKS ATM,-41.62,95493.20
22/02/2026,CARD TRANSACTION   STARBUCKS ATM,-46.74,95446.46
22/02/2026,CARD TRANSACTION   KFC ATM,-41.97,95404.49
21/02/2026,CARD TRANSACTION   STARBUCKS ATM,-37.96,95366.53
21/02/2026,CARD TRANSACTION   NANDO'S ATM,-182.94,95183.59
21/02/2026,CARD TRANSACTION   EMARAT ATM,-107.72,95075.87
21/02/2026,CARD TRANSACTION   UBER ATM,-35.96,95039.91
21/02/2026,CARD TRANSACTION   AMAZON.AE ATM,-282.24,94757.67
20/02/2026,CARD TRANSACTION   CARREFOUR ATM,-98.18,94659.49
20/02/2026,CARD TRANSACTION   SPINNEYS ATM,-364.56,94294.93
20/02/2026,CARD TRANSACTION   SPINNEYS ATM,-389.37,93905.56
20/02/2026,CARD TRANSACTION   KFC ATM,-57.21,93848.35
20/02/2026,CARD TRANSACTION   UBER ATM,-32.13,93816.22
19/02/2026,CARD TRANSACTION   SPINNEYS ATM,-163.96,93652.26
19/02/2026,CARD TRANSACTION   EMARAT ATM,-101.30,93550.96
18/02/2026,CARD TRANSACTION   STARBUCKS ATM,-47.61,93503.35
18/02/2026,CARD TRANSACTION   KFC ATM,-33.42,93469.93
18/02/2026,CARD TRANSACTION   DU TELECOM ATM,-229.45,93240.48
18/02/2026,CARD TRANSACTION   NOVO CINEMAS ATM,-82.80,93157.68
17/02/2026,CARD TRANSACTION   CARREFOUR ATM,-105.31,93052.37
17/02/2026,CARD TRANSACTION   STARBUCKS ATM,-36.97,93015.40
17/02/2026,CARD TRANSACTION   KFC ATM,-36.33,92979.07
17/02/2026,CARD TRANSACTION   EMARAT ATM,-114.08,92864.99
16/02/2026,CARD TRANSACTION   STARBUCKS ATM,-39.90,92825.09
15/02/2026,CARD TRANSACTION   CARREFOUR ATM,-190.72,92634.37
15/02/2026,CARD TRANSACTION   CARREFOUR ATM,-228.73,92405.64
15/02/2026,CARD TRANSACTION   STARBUCKS ATM,-27.35,92378.29
15/02/2026,CARD TRANSACTION   MCDONALDS ATM,-58.63,92319.66
15/02/2026,CARD TRANSACTION   UBER ATM,-42.92,92276.74
15/02/2026,CARD TRANSACTION   NOVO CINEMAS ATM,-169.23,92107.51
14/02/2026,CARD TRANSACTION   KFC ATM,-56.35,92051.16
14/02/2026,CARD TRANSACTION   NANDO'S ATM,-197.03,91854.13
14/02/2026,CARD TRANSACTION   NOON ATM,-154.58,91699.55
13/02/2026,CARD TRANSACTION   CARREFOUR ATM,-168.48,91531.07
13/02/2026,CARD TRANSACTION   STARBUCKS ATM,-44.08,91486.99
13/02/2026,CARD TRANSACTION   MCDONALDS ATM,-35.95,91451.04
13/02/2026,CARD TRANSACTION   MCDONALDS ATM,-36.00,91415.04
13/02/2026,CARD TRANSACTION   NANDO'S ATM,-98.87,91316.17
13/02/2026,CARD TRANSACTION   EMARAT ATM,-90.27,91225.90
12/02/2026,CARD TRANSACTION   STARBUCKS ATM,-20.73,91205.17
11/02/2026,CARD TRANSACTION   STARBUCKS ATM,-29.13,91176.04
11/02/2026,CARD TRANSACTION   STARBUCKS ATM,-39.52,91136.52
11/02/2026,CARD TRANSACTION   STARBUCKS ATM,-25.40,91111.12
11/02/2026,CARD TRANSACTION   STARBUCKS ATM,-21.19,91089.93
11/02/2026,CARD TRANSACTION   UBER ATM,-34.24,91055.69
11/02/2026,CARD TRANSACTION   UBER ATM,-73.21,90982.48
09/02/2026,CARD TRANSACTION   UBER ATM,-66.53,90915.95
09/02/2026,CARD TRANSACTION   DEWA ATM,-616.44,90299.51
08/02/2026,CARD TRANSACTION   EMARAT ATM,-122.93,90176.58
08/02/2026,CARD TRANSACTION   UBER ATM,-46.54,90130.04
07/02/2026,CARD TRANSACTION   CARREFOUR ATM,-197.50,89932.54
07/02/2026,CARD TRANSACTION   CARREFOUR ATM,-72.63,89859.91
07/02/2026,CARD TRANSACTION   CARREFOUR ATM,-292.92,89566.99
07/02/2026,CARD TRANSACTION   SPINNEYS ATM,-173.92,89393.07
07/02/2026,CARD TRANSACTION   STARBUCKS ATM,-40.39,89352.68
07/02/2026,CARD TRANSACTION   UBER ATM,-70.90,89281.78
07/02/2026,CARD TRANSACTION   NETFLIX ATM,-59.21,89222.57
07/02/2026,CARD TRANSACTION   AMAZON.AE ATM,-355.04,88867.53
07/02/2026,CARD TRANSACTION   NOON ATM,-210.15,88657.38
06/02/2026,CARD TRANSACTION   STARBUCKS ATM,-29.74,88627.64
05/02/2026,CARD TRANSACTION   STARBUCKS ATM,-48.38,88579.26
05/02/2026,CARD TRANSACTION   STARBUCKS ATM,-41.38,88537.88
05/02/2026,CARD TRANSACTION   UBER ATM,-90.71,88447.17
05/02/2026,CARD TRANSACTION   UBER ATM,-46.55,88400.62
05/02/2026,CARD TRANSACTION   NOON ATM,-253.29,88147.33
04/02/2026,CARD TRANSACTION   SPINNEYS ATM,-290.72,87856.61
04/02/2026,CARD TRANSACTION   MCDONALDS ATM,-34.31,87822.30
04/02/2026,CARD TRANSACTION   EMARAT ATM,-94.16,87728.14
03/02/2026,CARD TRANSACTION   SPINNEYS ATM,-267.15,87460.99
03/02/2026,CARD TRANSACTION   STARBUCKS ATM,-22.54,87438.45
02/02/2026,CARD TRANSACTION   CARREFOUR ATM,-100.35,87338.10
02/02/2026,CARD TRANSACTION   CARREFOUR ATM,-247.54,87090.56
02/02/2026,CARD TRANSACTION   STARBUCKS ATM,-21.69,87068.87
02/02/2026,CARD TRANSACTION   UBER ATM,-37.71,87031.16
01/02/2026,RENT TRANSFER,-8000.00,79031.16
31/01/2026,CARD TRANSACTION   NANDO'S ATM,-157.66,78873.50
31/01/2026,CARD TRANSACTION   UBER ATM,-67.23,78806.27
31/01/2026,CARD TRANSACTION   UBER ATM,-81.29,78724.98
31/01/2026,CARD TRANSACTION   NOON ATM,-253.28,78471.70
31/01/2026,CARD TRANSACTION   NOON ATM,-205.45,78266.25
31/01/2026,CARD TRANSACTION   NOON ATM,-181.48,78084.77
30/01/2026,CARD TRANSACTION   AMAZON.AE ATM,-430.61,77654.16
29/01/2026,CARD TRANSACTION   CARREFOUR ATM,-166.19,77487.97
29/01/2026,CARD TRANSACTION   STARBUCKS ATM,-43.00,77444.97
29/01/2026,CARD TRANSACTION   MCDONALDS ATM,-57.97,77387.00
29/01/2026,CARD TRANSACTION   NOVO CINEMAS ATM,-90.29,77296.71
28/01/2026,CARD TRANSACTION   STARBUCKS ATM,-25.73,77270.98
28/01/2026,CARD TRANSACTION   UBER ATM,-31.24,77239.74
28/01/2026,CARD TRANSACTION   NOVO CINEMAS ATM,-97.35,77142.39
27/01/2026,CARD TRANSACTION   SPINNEYS ATM,-99.96,77042.43
27/01/2026,CARD TRANSACTION   STARBUCKS ATM,-30.76,77011.67
26/01/2026,CARD TRANSACTION   STARBUCKS ATM,-22.92,76988.75
26/01/2026,CARD TRANSACTION   KFC ATM,-62.04,76926.71
26/01/2026,CARD TRANSACTION   UBER ATM,-87.08,76839.63
25/01/2026,SALARY TRANSFER 1-2026,30000.00,106839.63
25/01/2026,CARD TRANSACTION   CARREFOUR ATM,-178.02,106661.61
25/01/2026,CARD TRANSACTION   STARBUCKS ATM,-29.78,106631.83
25/01/2026,CARD TRANSACTION   NOVO CINEMAS ATM,-156.71,106475.12
24/01/2026,CARD TRANSACTION   MCDONALDS ATM,-38.14,106436.98
24/01/2026,CARD TRANSACTION   EMARAT ATM,-85.49,106351.49
24/01/2026,CARD TRANSACTION   DU TELECOM ATM,-297.63,106053.86
24/01/2026,CARD TRANSACTION   NOON ATM,-166.77,105887.09
23/01/2026,CARD TRANSACTION   MCDONALDS ATM,-40.28,105846.81
23/01/2026,CARD TRANSACTION   MCDONALDS ATM,-45.60,105801.21
23/01/2026,CARD TRANSACTION   KFC ATM,-66.03,105735.18
22/01/2026,CARD TRANSACTION   EMARAT ATM,-94.61,105640.57
22/01/2026,CARD TRANSACTION   UBER ATM,-53.90,105586.67
21/01/2026,CARD TRANSACTION   STARBUCKS ATM,-30.22,105556.45
21/01/2026,CARD TRANSACTION   STARBUCKS ATM,-38.57,105517.88
20/01/2026,CARD TRANSACTION   CARREFOUR ATM,-177.89,105339.99
20/01/2026,CARD TRANSACTION   MCDONALDS ATM,-74.51,105265.48
20/01/2026,CARD TRANSACTION   NOON ATM,-194.41,105071.07
19/01/2026,CARD TRANSACTION   STARBUCKS ATM,-49.69,105021.38
19/01/2026,CARD TRANSACTION   NANDO'S ATM,-100.91,104920.47
19/01/2026,CARD TRANSACTION   EMARAT ATM,-149.57,104770.90
19/01/2026,CARD TRANSACTION   UBER ATM,-88.28,104682.62
19/01/2026,CARD TRANSACTION   AMAZON.AE ATM,-288.19,104394.43
18/01/2026,CARD TRANSACTION   CARREFOUR ATM,-138.49,104255.94
18/01/2026,CARD TRANSACTION   MCDONALDS ATM,-52.01,104203.93
18/01/2026,CARD TRANSACTION   UBER ATM,-77.41,104126.52
18/01/2026,CARD TRANSACTION   NOON ATM,-94.04,104032.48
17/01/2026,CARD TRANSACTION   SPINNEYS ATM,-313.30,103719.18
17/01/2026,CARD TRANSACTION   STARBUCKS ATM,-37.67,103681.51
17/01/2026,CARD TRANSACTION   MCDONALDS ATM,-79.46,103602.05
17/01/2026,CARD TRANSACTION   DEWA ATM,-462.81,103139.24
16/01/2026,CARD TRANSACTION   CARREFOUR ATM,-255.07,102884.17
16/01/2026,CARD TRANSACTION   CARREFOUR ATM,-181.40,102702.77
16/01/2026,CARD TRANSACTION   STARBUCKS ATM,-20.63,102682.14
16/01/2026,CARD TRANSACTION   STARBUCKS ATM,-38.52,102643.62
16/01/2026,CARD TRANSACTION   STARBUCKS ATM,-30.32,102613.30
16/01/2026,CARD TRANSACTION   UBER ATM,-60.52,102552.78
15/01/2026,CARD TRANSACTION   SPINNEYS ATM,-397.83,102154.95
15/01/2026,CARD TRANSACTION   EMARAT ATM,-98.23,102056.72
15/01/2026,CARD TRANSACTION   UBER ATM,-34.50,102022.22
15/01/2026,CARD TRANSACTION   UBER ATM,-52.59,101969.63
14/01/2026,CARD TRANSACTION   CARREFOUR ATM,-131.42,101838.21
14/01/2026,CARD TRANSACTION   CARREFOUR ATM,-203.07,101635.14
14/01/2026,CARD TRANSACTION   STARBUCKS ATM,-44.08,101591.06
14/01/2026,CARD TRANSACTION   NETFLIX ATM,-46.52,101544.54
13/01/2026,CARD TRANSACTION   CARREFOUR ATM,-289.48,101255.06
13/01/2026,CARD TRANSACTION   CARREFOUR ATM,-185.13,101069.93
13/01/2026,CARD TRANSACTION   SPINNEYS ATM,-396.25,100673.68
12/01/2026,CARD TRANSACTION   STARBUCKS ATM,-25.66,100648.02
12/01/2026,CARD TRANSACTION   STARBUCKS ATM,-21.74,100626.28
12/01/2026,CARD TRANSACTION   MCDONALDS ATM,-59.15,100567.13
12/01/2026,CARD TRANSACTION   MCDONALDS ATM,-57.14,100509.99
11/01/2026,CARD TRANSACTION   CARREFOUR ATM,-285.32,100224.67
11/01/2026,CARD TRANSACTION   STARBUCKS ATM,-46.61,100178.06
11/01/2026,CARD TRANSACTION   UBER ATM,-81.78,100096.28
10/01/2026,CARD TRANSACTION   STARBUCKS ATM,-37.49,100058.79
10/01/2026,CARD TRANSACTION   AMAZON.AE ATM,-426.33,99632.46
09/01/2026,CARD TRANSACTION   CARREFOUR ATM,-256.43,99376.03
09/01/2026,CARD TRANSACTION   SPINNEYS ATM,-336.75,99039.28
09/01/2026,CARD TRANSACTION   SPINNEYS ATM,-238.49,98800.79
09/01/2026,CARD TRANSACTION   STARBUCKS ATM,-39.01,98761.78
09/01/2026,CARD TRANSACTION   AMAZON.AE ATM,-135.15,98626.63
09/01/2026,CARD TRANSACTION   AMAZON.AE ATM,-223.98,98402.65
08/01/2026,CARD TRANSACTION   CARREFOUR ATM,-237.33,98165.32
08/01/2026,CARD TRANSACTION   NANDO'S ATM,-84.20,98081.12
07/01/2026,CARD TRANSACTION   EMARAT ATM,-89.77,97991.35
06/01/2026,CARD TRANSACTION   AMAZON.AE ATM,-302.25,97689.10
05/01/2026,CARD TRANSACTION   SPINNEYS ATM,-89.75,97599.35
05/01/2026,CARD TRANSACTION   MCDONALDS ATM,-69.26,97530.09
05/01/2026,CARD TRANSACTION   KFC ATM,-35.14,97494.95
05/01/2026,CARD TRANSACTION   KFC ATM,-54.35,97440.60
04/01/2026,CARD TRANSACTION   STARBUCKS ATM,-25.92,97414.68
04/01/2026,CARD TRANSACTION   EMARAT ATM,-110.79,97303.89
04/01/2026,CARD TRANSACTION   UBER ATM,-85.07,97218.82
03/01/2026,CARD TRANSACTION   STARBUCKS ATM,-49.24,97169.58
03/01/2026,CARD TRANSACTION   UBER ATM,-35.92,97133.66
02/01/2026,CARD TRANSACTION   KFC ATM,-79.57,97054.09
02/01/2026,CARD TRANSACTION   EMARAT ATM,-146.81,96907.28
01/01/2026,RENT TRANSFER,-8000.00,88907.28
01/01/2026,CARD TRANSACTION   CARREFOUR ATM,-103.55,88803.73
01/01/2026,CARD TRANSACTION   CARREFOUR ATM,-171.31,88632.42
01/01/2026,CARD TRANSACTION   SPINNEYS ATM,-160.41,88472.01
01/01/2026,CARD TRANSACTION   NANDO'S ATM,-139.41,88332.60
01/01/2026,CARD TRANSACTION   EMARAT ATM,-126.82,88205.78
01/01/2026,CARD TRANSACTION   UBER ATM,-84.78,88121.00
01/01/2026,CARD TRANSACTION   UBER ATM,-89.43,88031.57
31/12/2025,CARD TRANSACTION   KFC ATM,-48.79,87982.78
31/12/2025,CARD TRANSACTION   UBER ATM,-71.67,87911.11
31/12/2025,CARD TRANSACTION   NETFLIX ATM,-47.16,87863.95
31/12/2025,CARD TRANSACTION   NOON ATM,-139.62,87724.33
30/12/2025,CARD TRANSACTION   STARBUCKS ATM,-30.64,87693.69
30/12/2025,CARD TRANSACTION   KFC ATM,-71.55,87622.14
30/12/2025,CARD TRANSACTION   UBER ATM,-91.68,87530.46
29/12/2025,CARD TRANSACTION   SPINNEYS ATM,-183.39,87347.07
29/12/2025,CARD TRANSACTION   DU TELECOM ATM,-357.99,86989.08
29/12/2025,CARD TRANSACTION   NOON ATM,-216.02,86773.06
28/12/2025,CARD TRANSACTION   CARREFOUR ATM,-146.26,86626.80
28/12/2025,CARD TRANSACTION   MCDONALDS ATM,-71.22,86555.58
27/12/2025,CARD TRANSACTION   CARREFOUR ATM,-199.21,86356.37
27/12/2025,CARD TRANSACTION   CARREFOUR ATM,-239.50,86116.87
27/12/2025,CARD TRANSACTION   STARBUCKS ATM,-26.20,86090.67
27/12/2025,CARD TRANSACTION   STARBUCKS ATM,-33.01,86057.66
27/12/2025,CARD TRANSACTION   NANDO'S ATM,-153.85,85903.81
27/12/2025,CARD TRANSACTION   UBER ATM,-76.41,85827.40
26/12/2025,CARD TRANSACTION   CARREFOUR ATM,-165.51,85661.89
26/12/2025,CARD TRANSACTION   UBER ATM,-79.90,85581.99
25/12/2025,SALARY TRANSFER 12-2025,30000.00,115581.99
25/12/2025,CARD TRANSACTION   CARREFOUR ATM,-152.33,115429.66
25/12/2025,CARD TRANSACTION   MCDONALDS ATM,-59.57,115370.09
25/12/2025,CARD TRANSACTION   KFC ATM,-62.22,115307.87
25/12/2025,CARD TRANSACTION   UBER ATM,-96.44,115211.43
24/12/2025,CARD TRANSACTION   SPINNEYS ATM,-205.79,115005.64
24/12/2025,CARD TRANSACTION   STARBUCKS ATM,-44.03,114961.61
24/12/2025,CARD TRANSACTION   STARBUCKS ATM,-32.41,114929.20
24/12/2025,CARD TRANSACTION   STARBUCKS ATM,-26.03,114903.17
24/12/2025,CARD TRANSACTION   DEWA ATM,-765.29,114137.88
24/12/2025,CARD TRANSACTION   NOON ATM,-196.01,113941.87
23/12/2025,CARD TRANSACTION   CARREFOUR ATM,-115.97,113825.90
23/12/2025,CARD TRANSACTION   STARBUCKS ATM,-42.51,113783.39
23/12/2025,CARD TRANSACTION   STARBUCKS ATM,-40.21,113743.18
23/12/2025,CARD TRANSACTION   UBER ATM,-48.77,113694.41
23/12/2025,CARD TRANSACTION   NOON ATM,-213.61,113480.80
22/12/2025,CARD TRANSACTION   CARREFOUR ATM,-292.51,113188.29
22/12/2025,CARD TRANSACTION   STARBUCKS ATM,-31.21,113157.08
22/12/2025,CARD TRANSACTION   MCDONALDS ATM,-60.01,113097.07
22/12/2025,CARD TRANSACTION   MCDONALDS ATM,-46.48,113050.59
22/12/2025,CARD TRANSACTION   NOON ATM,-211.96,112838.63
21/12/2025,CARD TRANSACTION   CARREFOUR ATM,-56.23,112782.40
21/12/2025,CARD TRANSACTION   UBER ATM,-54.46,112727.94
21/12/2025,CARD TRANSACTION   UBER ATM,-67.81,112660.13
21/12/2025,CARD TRANSACTION   NOVO CINEMAS ATM,-199.85,112460.28
20/12/2025,CARD TRANSACTION   MCDONALDS ATM,-61.59,112398.69
20/12/2025,CARD TRANSACTION   UBER ATM,-45.46,112353.23
19/12/2025,CARD TRANSACTION   STARBUCKS ATM,-31.21,112322.02
19/12/2025,CARD TRANSACTION   NANDO'S ATM,-160.78,112161.24
19/12/2025,CARD TRANSACTION   AMAZON.AE ATM,-244.07,111917.17
18/12/2025,CARD TRANSACTION   SPINNEYS ATM,-287.79,111629.38
18/12/2025,CARD TRANSACTION   MCDONALDS ATM,-35.10,111594.28
18/12/2025,CARD TRANSACTION   KFC ATM,-59.25,111535.03
18/12/2025,CARD TRANSACTION   UBER ATM,-83.62,111451.41
18/12/2025,CARD TRANSACTION   UBER ATM,-38.78,111412.63
17/12/2025,CARD TRANSACTION   SPINNEYS ATM,-113.03,111299.60
17/12/2025,CARD TRANSACTION   STARBUCKS ATM,-33.30,111266.30
17/12/2025,CARD TRANSACTION   STARBUCKS ATM,-32.40,111233.90
17/12/2025,CARD TRANSACTION   STARBUCKS ATM,-25.28,111208.62
17/12/2025,CARD TRANSACTION   EMARAT ATM,-126.02,111082.60
16/12/2025,CARD TRANSACTION   EMARAT ATM,-80.35,111002.25
16/12/2025,CARD TRANSACTION   NOON ATM,-168.68,110833.57
15/12/2025,CARD TRANSACTION   SPINNEYS ATM,-379.92,110453.65
15/12/2025,CARD TRANSACTION   STARBUCKS ATM,-35.15,110418.50
15/12/2025,CARD TRANSACTION   MCDONALDS ATM,-71.76,110346.74
15/12/2025,CARD TRANSACTION   EMARAT ATM,-149.20,110197.54
15/12/2025,CARD TRANSACTION   UBER ATM,-38.78,110158.76
14/12/2025,CARD TRANSACTION   MCDONALDS ATM,-59.88,110098.88
14/12/2025,CARD TRANSACTION   MCDONALDS ATM,-51.13,110047.75
14/12/2025,CARD TRANSACTION   NOVO CINEMAS ATM,-129.60,109918.15
13/12/2025,CARD TRANSACTION   UBER ATM,-89.98,109828.17
13/12/2025,CARD TRANSACTION   UBER ATM,-42.34,109785.83
12/12/2025,CARD TRANSACTION   CARREFOUR ATM,-115.64,109670.19
12/12/2025,CARD TRANSACTION   STARBUCKS ATM,-41.25,109628.94
12/12/2025,CARD TRANSACTION   EMARAT ATM,-104.68,109524.26
11/12/2025,CARD TRANSACTION   CARREFOUR ATM,-99.66,109424.60
11/12/2025,CARD TRANSACTION   STARBUCKS ATM,-24.20,109400.40
11/12/2025,CARD TRANSACTION   STARBUCKS ATM,-33.31,109367.09
11/12/2025,CARD TRANSACTION   AMAZON.AE ATM,-237.55,109129.54
11/12/2025,CARD TRANSACTION   AMAZON.AE ATM,-377.89,108751.65
10/12/2025,CARD TRANSACTION   CARREFOUR ATM,-257.77,108493.88
10/12/2025,CARD TRANSACTION   SPINNEYS ATM,-360.15,108133.73
10/12/2025,CARD TRANSACTION   UBER ATM,-74.48,108059.25
09/12/2025,CARD TRANSACTION   SPINNEYS ATM,-382.32,107676.93
09/12/2025,CARD TRANSACTION   EMARAT ATM,-144.23,107532.70
09/12/2025,CARD TRANSACTION   EMARAT ATM,-104.78,107427.92
09/12/2025,CARD TRANSACTION   AMAZON.AE ATM,-252.39,107175.53
08/12/2025,CARD TRANSACTION   CARREFOUR ATM,-82.30,107093.23
07/12/2025,CARD TRANSACTION   CARREFOUR ATM,-121.46,106971.77
07/12/2025,CARD TRANSACTION   NANDO'S ATM,-127.72,106844.05
06/12/2025,CARD TRANSACTION   CARREFOUR ATM,-199.77,106644.28
06/12/2025,CARD TRANSACTION   MCDONALDS ATM,-72.10,106572.18
06/12/2025,CARD TRANSACTION   NANDO'S ATM,-88.41,106483.77
06/12/2025,CARD TRANSACTION   AMAZON.AE ATM,-194.81,106288.96
05/12/2025,CARD TRANSACTION   STARBUCKS ATM,-46.98,106241.98
05/12/2025,CARD TRANSACTION   KFC ATM,-75.29,106166.69
04/12/2025,CARD TRANSACTION   CARREFOUR ATM,-126.83,106039.86
04/12/2025,CARD TRANSACTION   STARBUCKS ATM,-24.56,106015.30
04/12/2025,CARD TRANSACTION   AMAZON.AE ATM,-291.62,105723.68
03/12/2025,CARD TRANSACTION   SPINNEYS ATM,-220.43,105503.25
03/12/2025,CARD TRANSACTION   EMARAT ATM,-138.07,105365.18
01/12/2025,RENT TRANSFER,-8000.00,97365.18
01/12/2025,CARD TRANSACTION   STARBUCKS ATM,-49.66,97315.52
01/12/2025,CARD TRANSACTION   EMARAT ATM,-86.73,97228.79
01/12/2025,CARD TRANSACTION   NOVO CINEMAS ATM,-87.61,97141.18
30/11/2025,CARD TRANSACTION   STARBUCKS ATM,-47.72,97093.46
30/11/2025,CARD TRANSACTION   NANDO'S ATM,-167.93,96925.53
30/11/2025,CARD TRANSACTION   DEWA ATM,-661.01,96264.52
29/11/2025,CARD TRANSACTION   STARBUCKS ATM,-40.43,96224.09
29/11/2025,CARD TRANSACTION   UBER ATM,-87.05,96137.04
29/11/2025,CARD TRANSACTION   AMAZON.AE ATM,-274.97,95862.07
28/11/2025,CARD TRANSACTION   KFC ATM,-50.72,95811.35
28/11/2025,CARD TRANSACTION   EMARAT ATM,-100.51,95710.84
28/11/2025,CARD TRANSACTION   UBER ATM,-30.94,95679.90
27/11/2025,CARD TRANSACTION   CARREFOUR ATM,-291.44,95388.46
27/11/2025,CARD TRANSACTION   SPINNEYS ATM,-102.65,95285.81
27/11/2025,CARD TRANSACTION   DU TELECOM ATM,-319.71,94966.10
27/11/2025,CARD TRANSACTION   NOVO CINEMAS ATM,-99.33,94866.77
27/11/2025,CARD TRANSACTION   AMAZON.AE ATM,-178.64,94688.13
26/11/2025,CARD TRANSACTION   STARBUCKS ATM,-44.43,94643.70
26/11/2025,CARD TRANSACTION   EMARAT ATM,-129.50,94514.20
26/11/2025,CARD TRANSACTION   UBER ATM,-69.72,94444.48
26/11/2025,CARD TRANSACTION   NOON ATM,-52.48,94392.00
26/11/2025,CARD TRANSACTION   NOON ATM,-255.95,94136.05
26/11/2025,CARD TRANSACTION   NOON ATM,-53.84,94082.21
25/11/2025,SALARY TRANSFER 11-2025,30000.00,124082.21
25/11/2025,CARD TRANSACTION   EMARAT ATM,-101.56,123980.65
25/11/2025,CARD TRANSACTION   UBER ATM,-48.32,123932.33
24/11/2025,CARD TRANSACTION   STARBUCKS ATM,-50.00,123882.33
24/11/2025,CARD TRANSACTION   UBER ATM,-50.18,123832.15
24/11/2025,CARD TRANSACTION   NOON ATM,-165.02,123667.13
23/11/2025,CARD TRANSACTION   CARREFOUR ATM,-71.53,123595.60
23/11/2025,CARD TRANSACTION   STARBUCKS ATM,-27.74,123567.86
23/11/2025,CARD TRANSACTION   MCDONALDS ATM,-74.99,123492.87
22/11/2025,CARD TRANSACTION   STARBUCKS ATM,-39.56,123453.31
22/11/2025,CARD TRANSACTION   MCDONALDS ATM,-74.97,123378.34
22/11/2025,CARD TRANSACTION   UBER ATM,-94.87,123283.47
21/11/2025,CARD TRANSACTION   CARREFOUR ATM,-126.39,123157.08
21/11/2025,CARD TRANSACTION   SPINNEYS ATM,-275.50,122881.58
21/11/2025,CARD TRANSACTION   KFC ATM,-73.11,122808.47
20/11/2025,CARD TRANSACTION   SPINNEYS ATM,-372.72,122435.75
20/11/2025,CARD TRANSACTION   SPINNEYS ATM,-360.22,122075.53
20/11/2025,CARD TRANSACTION   STARBUCKS ATM,-41.51,122034.02
20/11/2025,CARD TRANSACTION   STARBUCKS ATM,-25.73,122008.29
20/11/2025,CARD TRANSACTION   MCDONALDS ATM,-59.62,121948.67
20/11/2025,CARD TRANSACTION   EMARAT ATM,-137.04,121811.63
20/11/2025,CARD TRANSACTION   NOON ATM,-120.96,121690.67
19/11/2025,CARD TRANSACTION   CARREFOUR ATM,-267.75,121422.92
19/11/2025,CARD TRANSACTION   SPINNEYS ATM,-348.93,121073.99
19/11/2025,CARD TRANSACTION   STARBUCKS ATM,-23.25,121050.74
19/11/2025,CARD TRANSACTION   MCDONALDS ATM,-32.67,121018.07
19/11/2025,CARD TRANSACTION   NANDO'S ATM,-87.98,120930.09
18/11/2025,CARD TRANSACTION   CARREFOUR ATM,-137.96,120792.13
17/11/2025,CARD TRANSACTION   CARREFOUR ATM,-246.19,120545.94
17/11/2025,CARD TRANSACTION   KFC ATM,-35.26,120510.68
17/11/2025,CARD TRANSACTION   UBER ATM,-92.05,120418.63
17/11/2025,CARD TRANSACTION   NETFLIX ATM,-44.35,120374.28
17/11/2025,CARD TRANSACTION   AMAZON.AE ATM,-450.76,119923.52
16/11/2025,CARD TRANSACTION   CARREFOUR ATM,-246.53,119676.99
16/11/2025,CARD TRANSACTION   CARREFOUR ATM,-265.57,119411.42
16/11/2025,CARD TRANSACTION   STARBUCKS ATM,-37.21,119374.21
16/11/2025,CARD TRANSACTION   STARBUCKS ATM,-25.97,119348.24
16/11/2025,CARD TRANSACTION   MCDONALDS ATM,-63.63,119284.61
16/11/2025,CARD TRANSACTION   UBER ATM,-37.10,119247.51
15/11/2025,CARD TRANSACTION   STARBUCKS ATM,-36.49,119211.02
15/11/2025,CARD TRANSACTION   MCDONALDS ATM,-56.48,119154.54
15/11/2025,CARD TRANSACTION   NOON ATM,-88.18,119066.36
14/11/2025,CARD TRANSACTION   SPINNEYS ATM,-188.04,118878.32
14/11/2025,CARD TRANSACTION   STARBUCKS ATM,-28.17,118850.15
14/11/2025,CARD TRANSACTION   MCDONALDS ATM,-40.89,118809.26
14/11/2025,CARD TRANSACTION   EMARAT ATM,-103.75,118705.51
14/11/2025,CARD TRANSACTION   AMAZON.AE ATM,-137.87,118567.64
13/11/2025,CARD TRANSACTION   CARREFOUR ATM,-204.90,118362.74
12/11/2025,CARD TRANSACTION   KFC ATM,-44.50,118318.24
12/11/2025,CARD TRANSACTION   UBER ATM,-55.69,118262.55
12/11/2025,CARD TRANSACTION   UBER ATM,-68.08,118194.47
11/11/2025,CARD TRANSACTION   KFC ATM,-35.23,118159.24
11/11/2025,CARD TRANSACTION   EMARAT ATM,-86.55,118072.69
11/11/2025,CARD TRANSACTION   UBER ATM,-89.02,117983.67
11/11/2025,CARD TRANSACTION   AMAZON.AE ATM,-343.66,117640.01
11/11/2025,CARD TRANSACTION   AMAZON.AE ATM,-383.78,117256.23
10/11/2025,CARD TRANSACTION   CARREFOUR ATM,-287.67,116968.56
10/11/2025,CARD TRANSACTION   SPINNEYS ATM,-127.79,116840.77
10/11/2025,CARD TRANSACTION   STARBUCKS ATM,-45.82,116794.95
10/11/2025,CARD TRANSACTION   NOVO CINEMAS ATM,-84.95,116710.00
09/11/2025,CARD TRANSACTION   CARREFOUR ATM,-278.24,116431.76
09/11/2025,CARD TRANSACTION   MCDONALDS ATM,-54.68,116377.08
09/11/2025,CARD TRANSACTION   MCDONALDS ATM,-40.48,116336.60
09/11/2025,CARD TRANSACTION   UBER ATM,-44.87,116291.73
08/11/2025,CARD TRANSACTION   UBER ATM,-30.44,116261.29
07/11/2025,CARD TRANSACTION   STARBUCKS ATM,-28.63,116232.66
07/11/2025,CARD TRANSACTION   STARBUCKS ATM,-46.46,116186.20
07/11/2025,CARD TRANSACTION   NANDO'S ATM,-168.12,116018.08
07/11/2025,CARD TRANSACTION   NOVO CINEMAS ATM,-134.34,115883.74
06/11/2025,CARD TRANSACTION   STARBUCKS ATM,-20.89,115862.85
06/11/2025,CARD TRANSACTION   EMARAT ATM,-117.36,115745.49
06/11/2025,CARD TRANSACTION   UBER ATM,-39.54,115705.95
05/11/2025,CARD TRANSACTION   CARREFOUR ATM,-149.56,115556.39
05/11/2025,CARD TRANSACTION   MCDONALDS ATM,-79.84,115476.55
05/11/2025,CARD TRANSACTION   EMARAT ATM,-99.99,115376.56
05/11/2025,CARD TRANSACTION   UBER ATM,-56.08,115320.48
04/11/2025,CARD TRANSACTION   CARREFOUR ATM,-161.88,115158.60
04/11/2025,CARD TRANSACTION   STARBUCKS ATM,-41.20,115117.40
04/11/2025,CARD TRANSACTION   STARBUCKS ATM,-34.89,115082.51
03/11/2025,CARD TRANSACTION   STARBUCKS ATM,-36.22,115046.29
02/11/2025,CARD TRANSACTION   CARREFOUR ATM,-101.38,114944.91
02/11/2025,CARD TRANSACTION   NANDO'S ATM,-141.30,114803.61
01/11/2025,RENT TRANSFER,-8000.00,106803.61
01/11/2025,CARD TRANSACTION   CARREFOUR ATM,-78.31,106725.30
01/11/2025,CARD TRANSACTION   SPINNEYS ATM,-135.63,106589.67
